,term,rank
1321,people,28.96400469492168
1032,laugh,16.699107312400272
1074,live,13.33039491993911
1836,time,13.300693645419331
688,family,13.21498222175725
809,good,11.782021617630791
896,home,10.97838371261614
1661,social,9.815702574104726
1801,technology,9.615013585955591
932,important,9.510136130533898
2014,year,9.035548810265166
1608,shopping,8.552092023285837
1060,life,8.322820231232047
1251,older,8.098135476872272
1696,stair,8.056567726457233
1116,make,8.02031137847475
196,big,7.99345919776659
1218,nice,7.974823446829643
149,back,7.9683612425967905
762,friend,7.809127974479753
1670,sort,7.639597907667733
1008,kind,7.414288833127662
910,house,7.180817207722032
338,child,7.124231419133293
710,find,7.115952726972223
204,bit,6.971145133521868
1337,phone,6.898899771253384
1161,mind,6.861401489563937
797,give,6.726608893474028
1932,walk,6.712760252646456
1826,thing,6.4288926579851395
1992,work,6.234970865424238
1210,negative,6.211265161244566
1935,walking,6.196044306502924
289,care,6.153223937407499
485,day,6.059553426654252
1342,physical,5.952000086797818
303,cat,5.867913429095726
286,car,5.834262175712465
1741,stuff,5.823952641376486
269,bus,5.720210501779459
1408,problem,5.706375298753178
1631,sit,5.546038747312561
699,feel,5.496978177984313
1355,place,5.477859927301645
584,drive,5.421419921541339
539,difficult,5.329247292021358
1330,person,5.228232568612875
388,coming,5.207038993646511
1098,love,5.196759830475481
1593,service,5.141720470418384
152,bad,5.0488911699852155
1828,thinking,5.04400791026887
1191,move,5.037843397375108
855,hard,5.0268953077289185
657,exercise,5.003579830911102
1182,morning,4.999571956300011
1709,stay,4.977793079994507
173,bath,4.973311039953618
1786,talk,4.966496159657721
1954,week,4.885626730702904
1858,transport,4.733719094288051
724,flat,4.673062197016037
278,call,4.630910492305999
483,daughter,4.554008771192961
1831,thought,4.550838650815747
1179,money,4.486536432263014
1104,lucky,4.353891018878416
1763,suppose,4.329687027168142
1789,talking,4.316761823673395
56,activity,4.27624963169173
2000,worry,4.276160256643544
398,company,4.201961593442073
397,community,4.1681256623554175
677,face,4.165891927665145
1889,understand,4.154208503047339
569,door,4.141371727729386
678,facebook,4.078501726121245
76,age,4.031243182864057
831,group,3.973400420696172
734,food,3.9694094113479648
992,job,3.955236123414549
1311,pay,3.9081900011543897
1062,lift,3.873885288073371
1366,plymouth,3.795765041252125
1142,meet,3.7946586901722785
1532,room,3.7897110749310574
644,environment,3.735095835007
1087,long,3.688018933907364
878,helpful,3.600724837062711
40,absolutely,3.584114830624774
46,access,3.579757752933364
1076,living,3.5513239849193075
1192,moved,3.475211734923456
1842,today,3.4691244932638274
1723,stop,3.4561239369601684
1119,man,3.449537735899301
164,barbican,3.4464811994106466
421,contact,3.4446806664424647
867,health,3.4068027774990655
1663,socialising,3.395176834754064
1176,mom,3.3895002712463542
1063,light,3.3797787119241076
322,change,3.347065717561454
430,cooking,3.3196824155933164
1162,mine,3.3083513059309233
1522,ring,3.294167774493707
1607,shop,3.2814904703937797
1880,tv,3.2684498807941202
833,guess,3.243916030773955
406,computer,3.2298091678545418
373,coffee,3.2051681014794977
1845,told,3.1818411048940156
776,future,3.170623574226996
870,hearing,3.136518186196799
1092,lose,3.122941608448027
1849,top,3.122321063171512
1384,positive,3.083098638038587
563,dog,3.017867681184839
752,found,3.010659574638521
901,hope,3.005888711473671
1782,taichi,3.0023935194375517
59,adaptation,2.9799298838438153
319,chair,2.9727299355241907
1082,lockdown,2.9655325491396485
864,hazel,2.9560048432500765
1851,totally,2.95460772141245
349,church,2.945121821540197
766,front,2.9410888866858076
1348,picture,2.9392625806812847
632,end,2.933730075284501
825,great,2.9318486228101985
1344,physically,2.9263851231377096
2019,zoom,2.9240799471645995
1019,knowledge,2.882360170271526
562,doctor,2.860374718860379
1995,working,2.8564658138198804
778,gadget,2.8496902477438497
842,half,2.8246055745705387
1211,neighbour,2.824591271012755
968,internet,2.823566956057091
249,bring,2.8078011137474337
1794,taxi,2.805584294864368
1587,sense,2.754545399663777
765,frightening,2.743955634709253
2017,younger,2.743651942138065
1962,wheelchair,2.7252632512579424
602,easier,2.6966708735891487
1300,partner,2.6958713296512453
1735,struggle,2.6920380594448274
1006,kid,2.6913378034964697
1580,seat,2.6825946690206646
1165,minute,2.664178887277904
1676,space,2.6604123447068413
961,interaction,2.6466487686519864
476,dancing,2.633186437618648
290,careful,2.631077382900054
1177,moment,2.621073384307883
1220,night,2.6189078933755123
1703,start,2.613643544787845
1804,television,2.5970333937222487
1253,online,2.563264653063602
1100,lovely,2.5557803513683934
1419,property,2.5053958122880045
1204,nature,2.499185020934605
1095,lost,2.498517980351223
984,issue,2.4949557158789606
443,couple,2.490950264306541
2016,young,2.4826828276206045
271,buy,2.4728243437681465
1235,number,2.46069026392513
208,bless,2.4521105449005027
1552,safe,2.4470089452159405
1396,press,2.438141978008595
179,bed,2.434166101423549
1040,learn,2.4340273761309508
1775,swimming,2.4174518912082084
587,driving,2.414381368254428
1114,maintenance,2.4099649480924192
1168,miss,2.397825392283172
1595,set,2.3901998597311738
1047,left,2.3797438707500445
1469,realise,2.3768547076117814
81,ago,2.3732796804070873
363,clock,2.3662773504347054
750,forward,2.363728020395555
879,helping,2.3612684213310167
413,confidence,2.357642098889806
115,area,2.3508032363597464
1094,loss,2.343668555510965
758,freedom,2.328127370226877
1574,scooter,2.31187052561885
1304,past,2.3055191621339546
1472,reason,2.2898728312419294
505,dementia,2.28349062307932
727,floor,2.26800507354742
1938,wanted,2.2560266397294813
1989,word,2.2390916608378073
1946,watching,2.2379714674132534
1997,world,2.2337139738926837
231,bother,2.231210831490287
949,information,2.218319423591867
637,enjoy,2.199706124890763
235,bought,2.197624840767119
685,fall,2.186836959837741
1752,suitable,2.1583027553893395
1945,watch,2.1578102237168784
1620,side,2.156603773304816
1143,meeting,2.142010537806179
1109,made,2.127819086668883
16,30,2.12602634161235
317,centre,2.117715499344495
1530,robot,2.114821790968075
424,control,2.109731263945438
364,close,2.1095036965548566
504,delivery,2.1050061106555424
890,hoe,2.1008893186316726
0,10,2.083396737942001
712,fine,2.064072184264842
1154,messenger,2.057747362439178
1485,regular,2.05572609979495
764,frightened,2.0492367774134537
1528,road,2.043139363576836
1803,telephone,2.0309368258294715
1150,mentioned,2.026335003986231
790,generation,2.023630762468922
1048,leg,2.0209041893604294
1529,rob,2.020235514761813
198,bike,2.016780823097343
1024,lady,2.0099475734129424
1089,looked,2.0081334693124457
869,heard,2.0066739293672295
2011,wrong,2.0021477342456966
1662,socialisation,2.0
1013,kitten,2.0
995,join,1.9962628287225943
1682,spend,1.9928687530453795
946,independent,1.9798073639793816
153,bag,1.9795194925342559
94,allowed,1.9725261352467056
1175,mobility,1.9713809512978386
374,cold,1.9679417301641737
304,cataract,1.9443501236569127
783,gardening,1.9365556940852542
1272,oven,1.9308364973806382
702,felt,1.9255096643668477
1153,message,1.9059581914288106
211,blind,1.9047024440395213
845,hand,1.8979577940600383
617,elderly,1.897847131126563
163,bar,1.8940780115894154
300,case,1.8940690211832223
323,changed,1.891606266104111
606,eat,1.88669936858135
465,cup,1.8782332097078984
1700,stand,1.8772502765552739
1869,trip,1.868520834873503
1296,park,1.8569573141949482
868,hear,1.8557442764778744
232,bothered,1.8282924170749184
1673,sound,1.8264751747215369
1101,low,1.8208671557859262
817,grand,1.8184643537819785
1044,leaseholder,1.8138428046967023
165,bargain,1.813703033668324
888,hob,1.8123627647097127
1334,pet,1.8114544141594124
773,funny,1.805512735584239
1594,session,1.8034191766791432
1546,run,1.8015844113050852
839,guy,1.8010434509264004
1370,point,1.7951780630143872
1785,taking,1.7786619459869404
909,hour,1.776426394211669
1907,upstairs,1.7755470707663192
167,barrier,1.774025830891446
928,imagine,1.7692142050826059
1668,son,1.7669354844014578
1147,mental,1.7566181101291836
964,interesting,1.7541881577150877
48,accessible,1.7522917841145218
58,adapt,1.7509723566746895
396,communication,1.743947420766013
981,isolated,1.7381485281144642
365,clothes,1.7278626437673963
945,independence,1.7182181544652317
8,20,1.7167995602384336
735,foot,1.7154866639009265
1873,true,1.7134754534313021
813,gp,1.705852235132911
1171,missing,1.701522367446437
1747,suddenly,1.686963380359258
535,die,1.68465671796746
1216,news,1.6806106908294212
1852,touch,1.6800024947666712
2005,wow,1.6789351916865667
1465,read,1.669956098851688
1568,scare,1.6696273803633925
674,eye,1.6686740356739074
1135,meal,1.6654553626777893
23,50,1.658499651500747
1075,lived,1.6572486024600521
891,hold,1.6548757669546519
2004,wouldn,1.6529392659122633
1331,personal,1.6480853863950855
1714,step,1.6474530963257
1559,sat,1.6470065994582248
1630,sister,1.639403925883031
865,head,1.638314958989115
161,bank,1.638306009476351
1255,open,1.6338229648894773
1229,notice,1.6275587708570205
818,grandchild,1.6264115246235322
1185,mother,1.6257244576724843
823,grateful,1.6218971794186432
1779,system,1.6218386505498052
1839,tin,1.6203849189888442
1387,post,1.6107658067435544
603,easily,1.6104943147199167
1566,scammer,1.6066901748318632
1077,ll,1.60659622866904
546,disability,1.6045419799174234
87,air,1.6010462090224342
873,heating,1.6008814787431809
1798,team,1.595260157431173
1141,medium,1.593902037713427
799,giving,1.5938186295600232
1018,knowing,1.593267584120135
700,feeling,1.5920798633944022
1508,resident,1.5920354550156282
223,book,1.5894276420259223
1993,worked,1.5866377015964754
1766,surgery,1.5794625097413197
796,girl,1.578037368911663
279,called,1.5713925563532434
2001,worse,1.56924648678445
1057,licence,1.5688196863484765
355,class,1.5669495973785463
706,film,1.5665979886463943
1760,support,1.5658884315426307
1500,rent,1.5658400942672375
1423,public,1.5653239124866358
1960,whatsapp,1.5605172681929376
673,extra,1.550741788712553
1883,tying,1.5440124673358215
664,expensive,1.5426739078978966
1294,paper,1.5374333496529426
1088,longer,1.537426552522493
1728,strange,1.5334578382421777
887,hit,1.5295710626018124
1854,town,1.5278968428310171
1612,show,1.5248269383776987
1491,remember,1.5192530257193826
135,attitude,1.517395431934815
1677,speak,1.5134081161532393
146,awful,1.5037782212426762
746,fortunate,1.5026958224283324
1577,screen,1.4979530662208786
1727,straight,1.4938895089190127
1878,turn,1.4929173093808739
1543,rude,1.4913127052178496
1718,stick,1.4891535692054974
1206,necessarily,1.4879944596519437
604,easy,1.4863316140817409
1780,table,1.484917923814197
292,carer,1.482680111996334
1065,line,1.4814442835456465
1394,prescription,1.481038897686604
1180,month,1.463643679384216
270,busy,1.4620179271790095
416,connection,1.4565454381644436
1999,worried,1.4551276695703337
1346,pick,1.4463500861345655
85,aid,1.4440672003274082
1781,tablet,1.4431680896384533
1578,sea,1.4399975996118983
1806,telly,1.4306497727044647
1729,stranger,1.4305642155059992
141,automatic,1.4272917138213894
1490,rely,1.4244262351291699
358,cleaning,1.4167830916683006
98,amount,1.4153994386858988
629,encourage,1.410641846867055
847,handrail,1.406787882795959
1197,music,1.4021630455150982
21,40,1.3969655523939604
1737,struggling,1.3835444933569887
1145,memory,1.3823648919689389
1358,plastic,1.3819211301182714
681,fact,1.3809694487413382
663,expect,1.38083653621438
1684,spent,1.373553055801488
619,eldest,1.369276904960902
850,happen,1.3626281266563396
1936,wall,1.3611171580244135
860,hate,1.3590024715218552
1614,shower,1.3533877708354396
389,comment,1.3411866558743324
642,entitled,1.340425102154672
1874,trust,1.3393835723850682
82,agree,1.3356059260445587
1704,started,1.3348073164343717
1913,ve,1.3327599833946642
1003,keeping,1.3310677002238942
1872,trouble,1.3263893619565699
1189,mould,1.32148357347761
1093,losing,1.3168991165529238
1400,pretty,1.3128234331942223
921,idea,1.3092278789262757
1550,sad,1.3056962588868568
856,harder,1.2975300987160736
906,hospital,1.2965511801890852
1012,kitchen,1.2935735253251177
578,dressed,1.293103679632529
1588,sensitive,1.2926700631810137
661,existing,1.2926700631810137
969,introduced,1.2890732863845322
212,block,1.2865203398250942
1706,state,1.2857787325668268
1121,managed,1.2842669837734082
1117,making,1.28416987123379
248,brilliant,1.2727858288497766
1193,moving,1.2699103238177476
1470,realised,1.2697912792848807
741,forgot,1.2681905943567424
679,facilitator,1.2668018501838367
237,boy,1.2626356326372703
761,fresh,1.2587747508162122
1315,pch,1.2545049336141196
1795,tea,1.24531179720125
1649,small,1.244207196112343
150,background,1.2405914760106316
1027,landlord,1.239144260617357
620,electric,1.2386239709267985
287,card,1.2378253951568474
1564,scam,1.2334309601974018
1694,staff,1.227956919006373
1208,needed,1.2275046398732883
321,chance,1.2150187955907799
160,banister,1.2136961466407836
201,bingo,1.2127888104118216
241,break,1.21021278766378
647,equipment,1.2090360156884552
427,conversation,1.2087575922470104
917,hundred,1.2082667588407712
381,colour,1.1989481540195903
230,bos,1.1949737667985059
1320,pension,1.193144864520875
29,70,1.189075825308438
915,human,1.183906429828917
110,anymore,1.1802836640834697
446,cover,1.178683138670354
60,adapted,1.1783458947256
2008,write,1.173405187289551
1339,photo,1.1721097531866587
1289,pandemic,1.1700781964335984
1573,school,1.1694399178513155
121,asked,1.1669666734620274
1468,real,1.1648191899567135
613,effort,1.1607331166060486
1083,locked,1.158006017657584
1307,patience,1.1503763473366233
2003,worth,1.1496862445095064
1194,mugged,1.1496146026970209
510,depends,1.1430960490499125
1298,part,1.1416158846542708
1884,type,1.1414513332393295
1678,speaking,1.1411039440746344
1882,twenty,1.1392459089028228
102,annoyed,1.1390926001798198
44,accept,1.1380747552578505
768,frustrated,1.1369664573195262
50,accident,1.1352729433929583
39,ability,1.129734045513642
509,depending,1.1267304071280793
684,fair,1.1215859357785611
447,covid,1.1210350100074609
423,content,1.117983471342011
1069,list,1.1149429744685497
1788,talked,1.1149232085267586
1894,unhappy,1.1105597098803361
1625,simple,1.1099084203548333
1284,paid,1.0998993355441447
1096,loud,1.0971022756403341
1764,supposed,1.0957586743821943
1467,ready,1.0938444341311824
1599,shared,1.0934468370822419
172,basket,1.090686476208138
228,born,1.0883603850571442
284,capability,1.0882349175686148
719,fit,1.082689316856194
366,club,1.0795701648235445
1099,loved,1.0788014910819448
234,bottom,1.0776282653510993
1149,mention,1.0751261723139236
433,corner,1.0715980171425095
1157,middle,1.0683788287954157
472,daily,1.0619774905656096
244,breathe,1.0571627567892756
1225,noise,1.0532990405690776
1456,rang,1.0522125367800412
1152,menu,1.0517529035325721
445,courtyard,1.0452714301616672
253,brought,1.0416848037378512
1148,mentally,1.0363066180000486
1862,travel,1.0354389178159398
162,banking,1.0344078272811974
782,gardener,1.0275087065570156
1391,prefer,1.0270443947109515
217,blue,1.0248596499851925
334,checking,1.0157639196737676
895,holiday,1.014119290518386
1430,punishment,1.0127925594282265
1904,upset,1.0078373459051115
502,deliver,1.003627602282604
10,2010,1.0
1603,shaving,1.0
471,cycling,1.0
591,drug,1.0
756,frankly,1.0
1233,november,1.0
1239,obstacle,1.0
605,easygoing,1.0
1891,understatement,1.0
210,blimey,1.0
1373,polytechnic,1.0
936,improvement,1.0
1792,tapioca,1.0
186,beholden,1.0
807,gogglebox,1.0
28,65,1.0
1850,topic,1.0
1350,pigeonholed,1.0
1403,pride,1.0
1767,surprise,1.0
759,freezer,1.0
988,jar,1.0
1167,miserable,1.0
513,depressing,1.0
905,horrified,1.0
532,diagnosed,1.0
514,depression,1.0
1325,perception,0.9975045839785759
84,ahead,0.9911882184019922
157,ballet,0.9908515767736767
478,dangerous,0.9876931448897655
1537,routine,0.9852335172578448
1230,noticed,0.9816678566351382
686,falling,0.9809518748144798
1805,telling,0.9808916296046503
32,80,0.9782019396408561
675,eyesight,0.9753830440599521
477,danger,0.9750601079401301
1961,wheel,0.9732745880923821
884,hill,0.965976006854495
1985,wonderful,0.9598789031080428
1445,quiz,0.9592903614459598
105,answer,0.9548156814896729
273,bye,0.9468528117734489
199,bill,0.9460939698680189
863,hazard,0.9452186242041042
788,general,0.94025316333829
1432,push,0.9384010557471765
47,accessibility,0.9380750346260154
301,cash,0.931523352232775
503,delivered,0.9310300493248311
1120,manage,0.9274055692212932
1725,stopping,0.9273009316576712
1925,voice,0.9249929826912757
361,climate,0.9236649319606518
1245,offended,0.9230542428651594
206,black,0.9215143376144916
1433,putting,0.9215082210054357
214,blood,0.9165879188601178
789,generally,0.9162218068117471
1466,reading,0.9144288557930045
1434,puzzle,0.9143714598178349
455,crime,0.9113231650206145
1824,thermal,0.9076030248738058
272,buying,0.9056881031065853
1052,lesson,0.9054069985621092
13,25,0.9047744560559133
1598,share,0.9027681023534453
55,active,0.8979050615707586
1923,visual,0.8976849577465948
1940,warm,0.897405943792883
680,facility,0.8930381239678478
336,chemist,0.8907836148001542
672,external,0.8890515946976421
1357,plant,0.8872172729418113
1690,spot,0.8868927583645764
508,dependent,0.8840698120970074
1049,legally,0.8832259044678042
1156,microwave,0.8831305749755111
871,heart,0.8809219518872353
403,compromise,0.8804148670267933
781,garden,0.8784764294397732
171,basically,0.8783477724954609
911,housing,0.8729742684965941
65,adjust,0.8728626311302032
1085,london,0.872639451360934
1285,pain,0.8706779556053625
330,cheap,0.8697331387968811
298,carry,0.8688212228640526
480,dark,0.8677001007585586
1482,red,0.8677001007585586
954,inside,0.8675450045951559
669,explaining,0.8666577544540193
1136,meant,0.8638970853738599
972,invisible,0.8626839796507423
1301,party,0.8619897948128543
585,driver,0.8600550226558685
567,donate,0.859652745026816
1648,slowly,0.8584591591689006
456,critic,0.858394446738927
1256,opener,0.858394446738927
145,awesome,0.858394446738927
392,communal,0.8583639640072431
409,concern,0.8578367987117808
1329,period,0.8543446427452339
576,draw,0.8537395872320859
1984,wondered,0.8521795539945911
328,chat,0.8515446788278245
1613,showed,0.8464611129987463
1367,plympton,0.8457606800116438
1758,supermarket,0.8447490346797113
1510,resource,0.8415472453132744
1641,slide,0.8391358938744755
822,granted,0.8368865124635828
1276,overthink,0.8346140596581505
1483,refuse,0.8330916938071432
1399,pretend,0.8330519525636542
683,factory,0.8302372642157879
262,bulb,0.8276459432595629
742,forgotten,0.8271037420891505
1837,timer,0.8260050400960472
695,fear,0.8259629802363584
826,green,0.8216792507989136
1261,option,0.818435216273754
51,accommodation,0.818435216273754
848,hang,0.818412387936172
757,free,0.8134978200659865
1113,main,0.8121153686455858
1132,massive,0.81145806082489
268,burst,0.8112621425173152
772,fun,0.810619752015494
1604,shelf,0.8061839932030817
1266,ordinary,0.8040661973135912
1519,rid,0.8040661973135912
557,divorce,0.8013899801951665
203,birthday,0.799785108487986
1299,participation,0.799785108487986
280,canada,0.7995215085312088
83,agreed,0.7987216099467822
1347,picking,0.7983908433195173
1527,risk,0.7967377040614514
1450,rail,0.7958393755720141
489,deal,0.7953753471965017
1064,limited,0.7951371742469436
1957,weird,0.7930207390431623
883,high,0.7928012494048414
1943,washington,0.7913437576607175
345,christine,0.790054728211066
79,agency,0.7867231280109456
339,china,0.7814537763740907
939,included,0.7812227590226519
460,crossword,0.7809791225751126
436,cost,0.7806135561597631
526,deteriorated,0.7800111836549949
63,add,0.779918671934575
402,completely,0.7785805268768262
729,fluid,0.7782019567231546
1776,switched,0.777782982424476
1606,shoe,0.7758544550423796
980,isolate,0.7750202880838366
904,horrible,0.7738924001812848
1930,waiting,0.7705139529721307
588,drop,0.7693204291312168
129,assumption,0.7689140624994011
1090,loop,0.7663486414912053
1563,scaffolding,0.7660054778230663
841,hair,0.7657169563482954
991,jill,0.7630466076946554
275,ca,0.7630466076946554
1570,scary,0.7609993332767407
1499,renewed,0.7609730022863731
1947,water,0.7592754624934549
1128,marlborough,0.7587505567432359
281,cancer,0.7577839790430679
1514,rest,0.7566149125646666
1969,wife,0.7562751684782406
428,cook,0.7558555056027968
1410,product,0.7548354983289343
1369,pocket,0.7547785032909581
1686,spinning,0.7537382910013313
1892,understood,0.753532524636568
1198,nap,0.753532524636568
1011,kit,0.753532524636568
120,arthritis,0.753532524636568
1733,strip,0.7524019963032521
1336,phobic,0.7515216594140148
690,fancy,0.7498110908293638
1138,medical,0.7496958335438129
221,bodmin,0.7469901141973497
1953,wee,0.7469901141973497
142,automatically,0.7468648091148619
1870,trolley,0.7464966814697123
332,check,0.7460212393584493
555,distress,0.744787661336451
1521,riding,0.7420002176358104
1875,trusting,0.7420002176358104
1166,mirror,0.7420002176358104
1811,terrible,0.7392589859303198
947,independently,0.7391581971074679
1679,special,0.7389321940383242
1310,pavement,0.7385803284249197
1438,quality,0.7370635821645242
1867,tree,0.7314411625799411
811,gordon,0.7314411625799411
616,elder,0.7314411625799411
1656,snapchat,0.7303976772984708
599,ear,0.7298006189806913
1237,observation,0.7273367168138277
1055,level,0.7273367168138277
261,built,0.7257279715467173
1209,needy,0.7255679338225166
1437,qualify,0.7255679338225166
1226,normal,0.7243868604501176
1738,stuck,0.7235398472091978
1591,serene,0.7217418785584966
1444,quiet,0.721677179722547
1290,panel,0.7215967776720659
1236,nut,0.7215562031365075
453,creating,0.7209843050459098
615,eighty,0.7198390562897886
1383,position,0.7146035731242446
111,app,0.7128959329999063
266,bungalow,0.7123228330217596
75,afternoon,0.7113880340510311
698,feed,0.7113461953114931
96,alzheimer,0.7094841264845329
1893,undesirable,0.7088835231551752
226,boot,0.7083676193244764
2012,wrote,0.7071067811865475
975,involvement,0.7071067811865475
252,broad,0.7071067811865475
1462,raving,0.7071067811865475
307,category,0.7071067811865475
786,gearbox,0.7071067811865475
438,count,0.7071067811865475
524,destroying,0.7071067811865475
798,giver,0.7071067811865475
802,glastonbury,0.7071067811865475
1672,soul,0.7071067811865475
1784,taker,0.7071067811865475
1122,manchester,0.7047896231857077
496,decision,0.7047866357041644
540,difficulty,0.7037544895715682
1569,scared,0.7034369806357812
1897,university,0.7018071712304768
1133,mate,0.7002020011350881
1879,turned,0.6982167446870055
1139,medication,0.6981718481657434
835,guide,0.6960478827377461
1520,ride,0.6959885660366717
260,building,0.693703840987734
1724,stopped,0.6937028459982634
420,consultation,0.6933736395871627
1246,offer,0.693101735140718
1105,lunch,0.6921645508808394
612,effect,0.6921119441889874
582,drink,0.6899050848191912
1797,teaching,0.6891068115960544
342,choice,0.6874944285692062
1351,pilot,0.6862809312812471
1356,plane,0.6862809312812471
1283,page,0.6854777266167493
1976,wiping,0.6853037336239987
1173,mixing,0.6830667338367519
914,huge,0.6819142151979063
113,appears,0.6810314532390638
305,catch,0.6808872308085865
1322,pepper,0.6802036704672485
67,advance,0.6784427486574324
775,fussy,0.6782711042766051
1539,row,0.6782711042766051
183,begin,0.6782215527593504
1822,theme,0.6767028529114558
180,bedroom,0.67644168793053
1022,lack,0.6762883031515262
1562,saving,0.6759476506444804
218,board,0.6759064768652673
819,granddaughter,0.6748030591879802
74,afraid,0.6736139978454951
1033,laughing,0.6713853525478874
1474,recently,0.6685372292982679
715,fire,0.6684876200439178
1730,street,0.6660734165071952
793,george,0.6660673484061349
997,joy,0.6654776779600623
255,brush,0.6651280032335001
806,god,0.6643989523248843
1515,restaurant,0.6640009456374999
1377,pop,0.6639568022284403
239,brake,0.663127566095076
375,colin,0.6624374620377043
1635,sixty,0.6621163920164246
666,expiry,0.6616394190342361
170,basic,0.6598923722787743
1023,ladder,0.6596886138705398
1240,occasionally,0.6593044832601581
1169,missed,0.6584261204757091
1697,stairless,0.6584261204757091
1705,starting,0.6581240427597375
209,blessing,0.6565902155526939
362,clip,0.6559177011447074
1401,prevent,0.6545485123220176
174,bathroom,0.6534207112055388
346,christmas,0.6505011835036222
600,earlier,0.6500734489045166
630,encouraged,0.6499742697888817
1160,million,0.6496042873803042
494,decent,0.649523974253292
9,200,0.6488255475068805
1316,pea,0.6482503068916894
1259,operation,0.6478828650257074
574,downstairs,0.646447917005178
1009,kindly,0.6454721744428243
1244,offence,0.6454721744428243
930,immigrated,0.6444287786331597
1134,matter,0.6424574844313047
144,aware,0.6420143395476176
559,dj,0.6419734212910175
649,error,0.6400032578131262
733,follow,0.6400032578131262
242,breakfast,0.6398569989395839
1848,ton,0.6388776590494408
1534,rotten,0.6367634706815314
1036,law,0.6365692958643625
814,grab,0.6363651851579555
500,degeneration,0.6352086321416576
274,bypass,0.6340213731267041
1683,spending,0.6307549300803756
282,candy,0.6305220944994085
837,gut,0.6284976399176724
1248,office,0.6284976399176724
1551,sadly,0.627946351090496
207,blame,0.6266326032864824
1501,repair,0.6255666818098422
960,insurance,0.6255020015360769
919,husband,0.6241988067442152
1172,mix,0.623688764037825
1131,mask,0.6214737738195631
1503,repeating,0.6200827509947273
256,bt,0.6192568377710652
743,form,0.6181364749341614
1939,war,0.6177441800644623
1174,mobile,0.6171981725592843
1629,single,0.6161952734107826
506,demographic,0.6141281753659583
1807,ten,0.6137132977743106
1621,sight,0.6136232931211694
1312,payer,0.6124386648584093
1994,worker,0.6120556778759644
1523,ringing,0.6101402578453405
652,eventually,0.6086771206491932
1934,walker,0.6082205591404938
1079,load,0.6081032517449229
1955,weekly,0.6061548832587498
1250,oil,0.6055583590608462
575,dozen,0.6054539603624056
258,build,0.6046211660959926
1810,term,0.6028284627711312
306,catching,0.602670917261765
527,deviate,0.601804058239913
238,brain,0.601804058239913
544,dinner,0.601332096051267
147,awfull,0.5996970823234876
1707,statement,0.5994494229990821
625,email,0.5991416506735836
1054,letting,0.5987044897686699
450,crashed,0.5979760612982226
92,alcohol,0.596885213963719
1863,travelling,0.5963839536403697
1919,video,0.5961332073936856
711,finding,0.5960887502021703
1257,opening,0.5958804528464656
2002,worst,0.5958804528464656
1451,raining,0.5958804528464656
1375,poor,0.5958804528464656
1435,pyjama,0.5958804528464656
1611,shouted,0.5958804528464656
1655,smoking,0.5955942233902054
1638,skill,0.5954312436505813
1349,piece,0.5950582030199745
1071,listening,0.5940193991539189
1144,member,0.5934743835948401
462,cruel,0.5911490403890032
1352,pin,0.5910022269105228
1407,prison,0.5882055438527052
983,isolation,0.5882055438527052
2010,written,0.5882055438527052
1385,possibility,0.5882055438527052
97,amazing,0.5870429283269138
1548,rush,0.5854948267502327
852,happening,0.5850682146358097
182,befriended,0.584967392045185
770,fryer,0.5849390416846107
437,council,0.5823860691478462
1418,properly,0.5819704026753394
1796,teach,0.579373453890059
333,checked,0.5778083281835572
703,fi,0.5773502691896257
763,frighten,0.5773502691896257
1967,wi,0.5773502691896257
1791,tape,0.5768620815711418
1045,leave,0.5760433834367822
561,docklands,0.5740631925569627
200,bin,0.5723200964036654
175,bbut,0.5720133001829628
1422,pub,0.5720133001829628
1719,stimulation,0.5715821292670545
169,based,0.571506132142161
1744,submarine,0.5691541839781213
1213,nervous,0.5691504972760565
1701,standard,0.5682169251248754
341,chip,0.5669019730424631
624,elvis,0.5639278317402717
1395,presley,0.5639278317402717
343,choose,0.5632417238656772
1535,round,0.5632226585922182
1742,stupid,0.5622963913775062
1078,lloyd,0.562196338104408
265,bum,0.5619662516477268
1016,knock,0.5612567230092761
1627,simply,0.5612567230092761
653,everyday,0.5601606446291079
441,countryside,0.5601606446291079
771,full,0.5600703274306802
671,extent,0.5598918250039685
843,hallway,0.5587467238300619
116,argument,0.5584807124758389
359,clearance,0.5567317298929241
1622,sign,0.5546429721097271
1345,physio,0.5544386413978005
1034,launceston,0.5544263708485156
633,ended,0.5544137634073131
607,eating,0.5543995149349518
166,bark,0.5520865877066122
89,airport,0.5520865877066122
963,intercom,0.5519312218649259
846,handle,0.5512669574117023
1974,wine,0.5504888147881613
316,centrally,0.549750869102373
1448,radiation,0.5491491029064867
1817,test,0.5467863617307565
1151,mentioning,0.5454769696339746
1600,sharing,0.5445650470131707
295,caring,0.5444777503280219
550,disco,0.5443666393443273
1123,manual,0.5441820347780904
1129,marvellous,0.5437103433461267
1751,suit,0.5431058843385312
61,adapting,0.5431058843385312
1381,porch,0.5429586490727804
1249,official,0.5428328222261309
119,art,0.5428195507283758
1125,marathon,0.5421435272469335
1958,west,0.541956853533656
1262,order,0.5401024503171139
978,isn,0.5395554306622821
1859,transportation,0.5395554306622821
7,1988,0.5387862100435847
1267,organisation,0.5375908381156685
1987,wood,0.5375908381156685
385,comfortable,0.534680827257356
1118,malta,0.534680827257356
785,gear,0.5346808272573559
1428,pulling,0.5346808272573559
1397,pressure,0.534564065879738
740,forget,0.5330309087390781
1362,playing,0.531363935097941
2015,yesterday,0.5309171035805675
701,fell,0.5306653849420595
516,describe,0.52981178856497
391,commonly,0.5296017721978165
411,condescending,0.5287035124392778
1453,raising,0.5287035124392778
889,hobby,0.5284443860121143
892,holder,0.5284153420970428
721,fix,0.5272524247856624
1906,upside,0.5264764704725463
1026,landed,0.5264764704725463
86,aim,0.5262952794110162
1761,supported,0.525810031854572
1912,valued,0.525345842527415
547,disabled,0.5251788098819855
1041,learning,0.5246067752268775
1942,washing,0.5244235167151284
488,deaf,0.5240526882379565
1911,usual,0.5240526882379565
568,doodies,0.5239959603570449
645,environmental,0.5239102693778717
1920,village,0.5235969363957923
1484,register,0.5232969889454957
1699,stais,0.5231007872603803
1933,walked,0.5219860373051098
1633,sitting,0.5184912168348339
1927,volunteering,0.5171990630853025
1545,rule,0.516598919145804
1332,personally,0.5165874144890338
542,digital,0.5165698821168815
250,brings,0.5157468329667766
1379,poppins,0.51563187374652
1628,sing,0.51563187374652
1130,mary,0.51563187374652
990,jean,0.5143022964370437
987,jamie,0.5143022964370437
1556,sake,0.513441127853147
1695,stage,0.5128267417032245
257,buddy,0.511046360874437
1853,tourist,0.5099818901125235
1406,priority,0.5095475623045537
1834,throw,0.5063410222868111
57,actual,0.5048802638184681
1030,laptop,0.5034508936671893
1565,scammed,0.5034223681257194
985,italy,0.5034223681257194
1567,scamming,0.5034223681257194
5,18,0.5029616774851496
536,died,0.501044389528178
104,annoys,0.5009835421814803
1871,trollies,0.5009383029746739
1302,passed,0.5005781718565516
2007,wristband,0.49810818446015864
1979,wise,0.4976140985495434
820,grandson,0.49523321485785676
340,chinese,0.4951529475689284
791,gentle,0.4951529475689284
1489,reliant,0.4950398394779072
1277,owner,0.4950398394779072
979,iso,0.4949124535859743
953,insane,0.4947607811902745
1585,sell,0.494467860335486
143,avoid,0.4935233811023518
808,gonna,0.49274986977364116
1473,reasonable,0.49274986977364116
1972,window,0.4921832365801033
933,impossible,0.4913740847528851
1890,understanding,0.4913327565649939
1597,severe,0.4906981387687023
473,damp,0.4906981387687023
353,cladding,0.4906981387687023
2018,youngest,0.48992946169341345
1486,reinforces,0.4896868843840629
1429,punish,0.48517614364169115
156,ball,0.4849627336855151
689,fan,0.4849627336855151
236,bouncing,0.4849627336855151
464,culture,0.48476443034950745
736,footpath,0.48447575201260085
325,channel,0.47987343019188433
1214,netflix,0.47987343019188433
1404,prime,0.47987343019188433
829,grill,0.47718666859273096
1380,population,0.4751798540139283
1416,proofed,0.4751798540139283
77,ageing,0.4751798540139283
1201,national,0.4751573708164509
351,cinema,0.4745166697307434
656,excuse,0.4739466241465549
1983,won,0.4734788066084224
158,bang,0.4734788066084224
1558,sanctuary,0.47129830301671444
970,invading,0.47129830301671444
962,interactive,0.4709912401824617
72,affect,0.46585776759706
1513,respiratory,0.46585776759706
245,breathing,0.46585776759706
704,fighting,0.4652030087916084
1765,surface,0.46471967403805897
1576,scratching,0.46471967403805897
714,finished,0.46448146982652777
940,including,0.46409251131534446
390,common,0.46390564949959634
885,hilliest,0.4635497576956774
1900,unusual,0.4619175126318728
716,firends,0.46143982315207394
1968,widest,0.46143982315207394
1778,sympathetic,0.46094156085512167
54,ache,0.46094156085512167
117,arm,0.46094156085512167
696,fed,0.4603385151824789
419,consult,0.45942303767298664
956,installed,0.459159961431264
1091,loosing,0.45698542496126954
15,28,0.45698542496126954
1971,win,0.45628397585714753
1442,quick,0.45628397585714753
1916,versus,0.45628397585714753
531,diabetic,0.4561617850118201
959,insulin,0.4561617850118201
466,cupboard,0.4561536681860154
1464,reach,0.4561536681860154
185,behaviour,0.4530183615090237
577,dress,0.4530183615090237
667,explain,0.45281359884716743
1421,provider,0.45256129298798475
1340,photograph,0.45213737817670596
1624,silver,0.45186546218472295
1860,transporting,0.45068969874720677
1388,pound,0.4501856393341467
627,emotional,0.44841125885222166
202,bird,0.4471078781104863
1689,spooky,0.44696423936033886
1547,running,0.4467470998783898
1070,listen,0.4458528836166319
608,ebay,0.44534656933790434
792,genuine,0.44534656933790434
1931,wake,0.44449185943681396
68,advanced,0.44374503324054426
1458,rapidly,0.44374503324054426
545,dinosaur,0.44374503324054426
907,hot,0.44220279091193126
1183,morrison,0.44072170470353156
1059,lidl,0.4390622152776829
676,fabulous,0.4386851585918597
123,aspect,0.4386851585918597
354,claim,0.43800499216144
668,explained,0.43800499216144
1004,kent,0.43657103985803014
490,dear,0.4363847835824004
534,didn,0.4363847835824004
1844,toilet,0.43624368007307973
618,eldery,0.43609012006261133
1327,perfectly,0.43569754421372076
429,cooker,0.4350330021589034
1417,proper,0.4342497848011102
1314,payment,0.43399496562017614
191,bend,0.4339136862565507
1072,literally,0.43350135788700617
1886,unable,0.43323324494854637
595,due,0.43263932415881023
1354,pine,0.43259712203254114
938,include,0.43248476638945327
1799,technical,0.4312032128336153
1502,repeat,0.4305793378192838
571,double,0.4305793378192838
1412,programme,0.4305793378192838
1280,packaging,0.43045980776153037
767,fruit,0.43045980776153037
1426,pull,0.43045980776153037
638,enjoyed,0.4304139737341356
573,downloaded,0.4298962299331686
367,clue,0.4298962299331686
717,firm,0.4296772950077198
554,distance,0.4291387575598299
222,boiler,0.42857151160653895
178,becausei,0.4282562389914707
412,condition,0.4282562389914707
745,formalised,0.4282562389914707
1634,situation,0.4282562389914707
124,assessing,0.4282562389914707
482,date,0.4278178494457874
858,harry,0.42714963556373964
1790,tall,0.42603627856538995
925,idon,0.42600486405524574
1359,plate,0.4257522883558772
1005,kerb,0.42558959672249347
830,ground,0.42558959672249347
1659,sochi,0.42558959672249347
155,balance,0.42542611307311207
70,adventure,0.42436060512807217
651,event,0.42436060512807217
1876,tuesday,0.4242044658790265
583,drinking,0.42382898276961994
1579,seagull,0.42372737101455626
1542,rubbish,0.42372737101455626
1618,shut,0.4230310101463309
838,gutted,0.4230310101463309
492,debenhams,0.4230310101463309
1819,text,0.42302267539170735
849,hanging,0.4229744596075208
1571,scene,0.4215160162910214
1338,phoning,0.42057139217334183
694,fault,0.4194684414630508
1736,struggled,0.4175652559155093
589,dropped,0.41672592259671026
1926,volunteer,0.4166628793957996
26,60,0.41600231820634265
626,embrace,0.4157288303371758
920,hypothermia,0.41566215488551667
760,freezing,0.41566215488551667
1975,winter,0.41566215488551667
394,communicate,0.41521853381377727
1017,knocking,0.41489138685051774
294,caretaker,0.4148021287275297
1457,range,0.4148021287275297
1471,reality,0.4142412437535457
1364,plenty,0.4138175361719072
431,cope,0.41215386274346427
1584,section,0.41215386274346427
1126,marine,0.4110809916133412
1827,thinkable,0.4105947971357194
1386,possibly,0.4105947971357194
1847,tomorrow,0.40984963818518655
1454,ramp,0.4089704368666037
728,flow,0.40892244934171207
80,aggravating,0.4079675424007112
1313,paying,0.4066774065931711
754,frame,0.40584633451540475
950,informational,0.4054801157792629
246,brick,0.4054801157792629
1184,mortar,0.4054801157792629
1195,mum,0.40508083746096485
1107,macular,0.40508083746096485
498,deep,0.40508083746096485
1203,naturally,0.40507576942917045
177,beautiful,0.40458791553592693
1538,routinely,0.4043848238543766
154,bake,0.4033043881688794
1888,underneath,0.4033043881688794
853,happier,0.40184848458547806
558,diy,0.40142043111614495
565,dome,0.40086270864197987
815,grade,0.40086270864197987
592,dry,0.4001536345749132
556,ditto,0.4001536345749132
1108,mad,0.4001536345749132
999,judgemental,0.39968989289648976
598,dyslexia,0.39876237095925465
1343,physicality,0.39846758791535153
1726,story,0.39700088266259015
900,hop,0.39561343867715304
1816,tesco,0.39561343867715304
512,depressed,0.39534860872671307
1877,tumble,0.39462863278799415
593,dryer,0.39462863278799415
1773,sweet,0.39425248649357225
1950,weather,0.39425248649357225
1333,peruse,0.39422616366361
1488,relevant,0.39422616366361
291,carefully,0.39422616366361
138,austin,0.39363879866864454
1504,replaced,0.39363879866864454
1716,steve,0.39363879866864454
564,dollar,0.39363879866864454
902,hoping,0.39363879866864454
400,complaint,0.3932889912323126
931,impairment,0.39262966999677046
646,equally,0.39262966999677046
1646,slow,0.39189832786438755
916,humped,0.39189832786438755
805,glumped,0.39189832786438755
1258,operating,0.388542546998038
737,footwear,0.3879272275211898
371,coating,0.3879272275211898
1948,wear,0.3875795661356283
881,hidden,0.3875795661356283
1616,showering,0.38729705492276395
705,filled,0.3870801957176437
747,fortune,0.3870801957176437
1254,op,0.3866033229944372
233,bottle,0.3866033229944372
1081,local,0.3866033229944372
836,guilty,0.3866033229944372
1589,sensor,0.3851732267173684
1640,sleeping,0.3851315076341421
88,airline,0.3851315076341421
11,21,0.38482510774127177
1155,metre,0.38482510774127177
1899,unlucky,0.38482510774127177
24,51,0.38482510774127177
1106,machine,0.38341361296427556
1757,super,0.38308948834867124
1518,reward,0.3821933891003309
943,income,0.3821933891003309
877,helped,0.3814438629713197
1232,notoriety,0.38070177200480326
1181,moor,0.380562995421249
854,happy,0.3804508363575342
982,isolating,0.37993706633504254
1288,pan,0.3779346486949754
832,grow,0.3773204001488607
1443,quid,0.37483421084831064
320,challenge,0.374774023938957
1042,learnt,0.3744280027593907
1951,web,0.371688445275376
1295,parish,0.371688445275376
521,designer,0.3710479831212634
276,cafe,0.3710479831212634
1658,soapbox,0.3710479831212634
1652,smoke,0.36907002629389335
1653,smoked,0.36907002629389335
1654,smoker,0.36907002629389335
350,cigarette,0.36907002629389335
859,hasn,0.3685369174266887
299,carrying,0.367789357909087
966,intergenerational,0.3667632794245511
1308,patronising,0.3667632794245511
1221,nightclub,0.36591217872547205
383,comedy,0.36591217872547205
511,depot,0.36591217872547205
114,approximation,0.36591217872547205
942,inclusive,0.3651988386492354
1601,shark,0.3651988386492354
777,fuzzy,0.3647532805230873
650,essential,0.3641081324357577
662,expand,0.3632639148491829
395,communicating,0.36225228620884314
1025,lamp,0.36151671777504557
834,guest,0.36151671777504557
1915,vehicle,0.36151671777504557
1978,wireless,0.36151671777504557
1918,victorian,0.36151671777504557
1902,upbringing,0.36151671777504557
537,differen,0.3611378070370443
1964,wherei,0.3611378070370443
368,clumped,0.3611378070370443
1590,separate,0.3600397720363178
168,base,0.35971514547449635
1496,remove,0.35971514547449635
1007,killed,0.35940555063142127
1137,mechanic,0.35940555063142127
586,driverless,0.35940555063142127
1273,over,0.3591831159945498
944,increasing,0.3589344678059666
293,carers,0.3581182755480416
641,enthusiastic,0.35793087908251914
861,hated,0.35793087908251914
1202,nativism,0.35793087908251914
1431,pure,0.35793087908251914
1015,knind,0.3573725939575772
1802,teen,0.3573725939575772
331,cheaper,0.3572508443828931
225,boom,0.35494342656092515
851,happened,0.35459449150344785
1843,toddler,0.3539754901792301
1309,pause,0.3539754901792301
1492,remembering,0.3526217504776182
774,furniture,0.3526217504776182
1199,nappy,0.35165705867634006
93,alison,0.35165705867634006
1035,laura,0.35165705867634006
580,drew,0.3504774530748959
1680,specific,0.3504774530748959
993,joe,0.3504774530748959
1029,lapse,0.3498377966357767
755,france,0.3498377966357767
187,belgium,0.3498377966357767
924,idiot,0.3498377966357767
401,complete,0.3498377966357767
1533,roost,0.34982502522720965
27,61,0.34982502522720965
66,adult,0.34982502522720965
1511,respect,0.34982502522720965
872,heat,0.3487239092331549
1833,threshold,0.3475846727242211
337,chest,0.34668681979358135
952,inmy,0.34657176804899387
197,biggest,0.34657176804899387
1376,poorly,0.34657176804899387
1710,steak,0.34521533698313317
1073,litter,0.34521533698313317
628,emptied,0.34521533698313317
215,blow,0.3439123320648387
1200,nasty,0.34326788016492865
1814,terrify,0.34326788016492865
1463,rayan,0.3431433525539681
1001,justice,0.34159449578629797
312,causing,0.3414802779103572
1186,motivation,0.34069757391629135
1909,user,0.3404676705090916
1163,mini,0.3404676705090916
1164,minibus,0.3404676705090916
1717,stew,0.3393735264173353
181,beef,0.3393735264173353
507,department,0.3376822357399569
1053,letter,0.3376822357399569
2009,writing,0.3376822357399569
1809,tend,0.3376822357399569
193,benefit,0.3358957682237505
1657,soap,0.33536126993971593
1140,medicine,0.33460721359587287
69,advancing,0.33460721359587287
1800,technologically,0.33460721359587287
352,city,0.33362228875901967
1223,ninety,0.3333313746421188
318,century,0.3330503852604862
399,compared,0.3330503852604862
1512,respected,0.3330503852604862
251,britain,0.3330503852604862
955,inspiring,0.33273883898003115
1956,weight,0.33273883898003115
1830,thnk,0.332309095624356
1234,nowadays,0.332309095624356
451,crazy,0.3317405958416973
934,impress,0.33153006726624473
923,identity,0.33153006726624473
1411,professional,0.33153006726624473
1103,luck,0.3313151439696571
1378,pope,0.3313151439696571
384,comfort,0.3301047004864004
1531,rock,0.3301047004864004
1793,taught,0.3301047004864004
1441,question,0.3300911783659228
1841,tipping,0.3300911783659228
327,chase,0.3300911783659228
4,14,0.3299948167064086
1372,pollution,0.3291663516523533
1596,seventy,0.3288273267084827
3,12,0.32763131237492166
1692,spy,0.3247673826124515
1825,thier,0.3247673826124515
30,700,0.32441277375344024
314,ceiling,0.3242092553097008
1146,men,0.32398417935647533
1982,woman,0.32398417935647533
1746,sucked,0.32398417935647533
893,holding,0.3220949394073474
1647,slowing,0.32183143908064477
1632,sits,0.32183143908064477
1713,stem,0.3211766051240611
1446,racing,0.32098671064550877
216,blown,0.3191378959631707
1241,occasionaly,0.3191378959631707
1970,william,0.3177874191958591
880,hero,0.3177874191958591
17,31,0.31741026004465517
1829,thirty,0.31741026004465517
1031,lara,0.31741026004465517
1949,wearing,0.3172820973665518
622,eliminate,0.3146698619781075
1002,keen,0.3146698619781075
499,deeply,0.3146698619781075
449,coward,0.3146698619781075
1086,lonely,0.3141752160108194
1231,noticeit,0.3141752160108194
1449,radio,0.3141752160108194
1623,silence,0.3141752160108194
518,description,0.3141752160108194
731,focus,0.31261116521639454
1319,penny,0.31261116521639454
973,invite,0.3125185249675796
1966,whisper,0.3125185249675796
1639,sleep,0.31017870675677156
1207,neck,0.3098905282301622
744,formal,0.3098905282301622
2006,wrap,0.30903757451052777
1415,proof,0.30903757451052777
844,ham,0.30903757451052777
254,brown,0.30903757451052777
824,grease,0.30903757451052777
862,haven,0.3074223208530845
1762,supportive,0.3074223208530845
1461,rason,0.30679376977210665
520,designed,0.3067051753960938
875,height,0.3067051753960938
1043,leasehold,0.30636675700318394
551,discus,0.30636675700318394
749,forum,0.30636675700318394
360,cliff,0.30578988998522516
1326,perfect,0.30578988998522516
1885,typekit,0.3053402516568357
636,engineering,0.3053402516568357
1480,recommend,0.30471461385159726
1222,nightmare,0.3017358986219775
422,contacting,0.3017358986219775
707,finally,0.30127292297042846
1187,motorbike,0.30127292297042846
382,combination,0.3011712957163656
53,accurate,0.3011712957163656
974,involved,0.30043558916356744
313,cave,0.30043558916356744
90,aladdin,0.30043558916356744
1898,unknown,0.2995708253367918
133,attachment,0.2995708253367918
1586,send,0.2995708253367918
1509,residential,0.2991565857954355
610,education,0.2982497104746666
1390,practical,0.2982497104746666
405,computed,0.2982497104746666
1392,prejudice,0.29732740779971734
1669,song,0.29732740779971734
1808,tenant,0.29719838065097665
1389,power,0.2968745523067616
418,constructive,0.2968745523067616
194,benefited,0.29558194462766385
1675,southwest,0.29515226446604853
1478,recognise,0.29515226446604853
1447,radiates,0.29515226446604853
897,honestly,0.29493184466966965
288,cardboard,0.29493184466966965
1324,percentage,0.29493184466966965
1864,tray,0.29493184466966965
1517,reverse,0.2947264903140065
461,crowd,0.2947264903140065
1297,parking,0.2947264903140065
1398,pressured,0.2947264903140065
723,flashing,0.2947264903140065
127,association,0.29296894857594474
1270,organising,0.29296894857594474
1990,wording,0.2927382322427345
132,attached,0.2924836960225925
393,commune,0.2924836960225925
1665,society,0.2898836584338132
131,astronomical,0.2898836584338132
188,belong,0.2898836584338132
136,audio,0.2884310407855709
1650,smaller,0.2872815004201828
1755,sunday,0.2872815004201828
753,fourth,0.2861560483314219
913,huffed,0.2861560483314219
1424,puffed,0.2861560483314219
126,associate,0.28468001803390314
874,heavy,0.2843796331633917
655,excellent,0.2843796331633917
1944,waste,0.2840144056311641
189,beloved,0.2840144056311641
1010,kirsty,0.2839483698636731
1056,liam,0.2839483698636731
1937,walton,0.2838885927166391
1361,play,0.2838885927166391
784,gaynor,0.2827629582296992
95,allowing,0.2827629582296992
937,inaccessibility,0.2827629582296992
1774,sweetie,0.2826856641515839
125,assistant,0.2826856641515839
481,darling,0.2826856641515839
631,encouraging,0.28068446625955396
475,dancer,0.28068446625955396
795,germany,0.28068446625955396
1020,koblenz,0.28068446625955396
726,flood,0.28068446625955396
718,fishing,0.2802684605165726
1242,ocean,0.2802684605165726
1287,palm,0.2802684605165726
751,fossil,0.2802684605165726
739,forest,0.2802684605165726
78,ageist,0.2801710315673321
1981,wobbly,0.2801710315673321
1111,magical,0.27980491278130076
709,financial,0.27980491278130076
49,accessing,0.27980491278130076
1712,steering,0.27805330164982833
1188,motorway,0.27805330164982833
1813,terrifies,0.27805330164982833
100,andi,0.27805330164982833
1582,seated,0.2780351122421832
347,chronological,0.2780351122421832
99,ample,0.27721932069890026
1021,konw,0.27721932069890026
1905,upsetting,0.27567373931210826
998,judgement,0.27567373931210826
1865,treated,0.27567373931210826
495,decided,0.27567373931210826
285,capable,0.27567373931210826
1493,reminded,0.27567373931210826
1260,opportunity,0.27567373931210826
515,derriford,0.2748754345511865
1368,plymstock,0.2748754345511865
1275,overnight,0.2747823315599954
816,gradual,0.2747823315599954
927,illness,0.2747823315599954
36,88,0.2747823315599954
107,answered,0.2747823315599954
886,hip,0.2735182198910502
1303,password,0.2732330921234577
386,comfy,0.2725201620651504
19,34,0.2725201620651504
730,fly,0.2725201620651504
922,ideal,0.2725201620651504
469,cushion,0.2725201620651504
1959,wet,0.2725201620651504
572,download,0.2720910173890452
426,conventional,0.2720910173890452
1903,update,0.27202597511772864
1217,newsletter,0.27202597511772864
71,adverse,0.2715992175937206
1282,pad,0.2715992175937206
1037,laying,0.2715992175937206
1413,prompt,0.2715992175937206
989,jargon,0.2715396804878155
611,ee,0.2715396804878155
1996,workshop,0.2715396804878155
259,builder,0.2714793245363902
1335,phew,0.2714793245363902
1476,reciprocated,0.2714793245363902
1732,stressful,0.2714793245363902
553,disease,0.2714793245363902
1557,sale,0.27097823579995883
491,debbie,0.27097823579995883
1750,suggested,0.27097823579995883
1409,process,0.2707253157142304
1771,swap,0.2707253157142304
1292,panicked,0.2707253157142304
6,19,0.2707253157142304
967,internal,0.2705605835602765
1084,loft,0.2705605835602765
1753,suitably,0.2705605835602765
623,elsedo,0.2705605835602765
1541,rub,0.26938634108518544
634,energy,0.26938634108518544
1269,organised,0.26938634108518544
380,colon,0.26938634108518544
1067,linked,0.26825981672717264
1243,october,0.26812840675400335
687,false,0.26812840675400335
821,granny,0.26812840675400335
1196,muscular,0.26812840675400335
1323,percent,0.26803556949023416
1124,map,0.2678370997248946
1536,route,0.2678370997248946
1674,south,0.2678370997248946
1219,nifty,0.2678370997248946
804,gloss,0.2678370997248946
479,dangling,0.2669349856462894
1838,timescale,0.26598350284840777
596,dump,0.26598350284840777
1549,rushing,0.26598350284840777
1731,stressed,0.26598350284840777
2013,yank,0.26598350284840777
1609,short,0.26598350284840777
348,chucking,0.26598350284840777
73,afford,0.26452288758774545
1228,northeast,0.2638202449874245
1756,sunderland,0.2638202449874245
958,institutionalised,0.26229157874621256
708,finaly,0.26229157874621256
579,dressing,0.2622117583575642
205,bizarre,0.2622117583575642
1420,prospect,0.2622117583575642
1941,wash,0.2622117583575642
899,hoover,0.2620070189043627
357,cleaner,0.2620070189043627
1914,vegetable,0.2620070189043627
1317,peeling,0.2620070189043627
1722,stool,0.2620070189043627
1667,solely,0.2618187273576596
857,hardest,0.2618187273576596
722,flamingo,0.2618187273576596
697,fee,0.26164849447274785
277,cage,0.2613431385368054
597,dust,0.2613431385368054
1305,patch,0.2613431385368054
794,georgie,0.26048104499940977
1506,request,0.26048104499940977
1553,safer,0.26002758024128847
103,annoying,0.2598610518208326
1058,license,0.2598610518208326
581,drifted,0.25508025585104643
1178,monday,0.25508025585104643
1050,legend,0.25508025585104643
1759,supply,0.25501231887002296
529,devonport,0.25501231887002296
1279,package,0.25498330977375044
1572,scheme,0.25236621494679135
1393,prepared,0.25236621494679135
1922,visit,0.25190014511350356
1439,quarter,0.2518244037575204
296,carpenter,0.2518244037575204
176,beast,0.2518244037575204
1115,maisonette,0.2518244037575204
1365,plumber,0.2518244037575204
326,charge,0.2518244037575204
408,concentrated,0.25179952373176395
1581,seatbelt,0.25179952373176395
1973,windscreen,0.25179952373176395
369,clutch,0.25179952373176395
590,drove,0.25179952373176395
1427,pulled,0.25179952373176395
22,400,0.24922335951750454
552,discussed,0.24922335951750454
691,fantastic,0.24905409223007932
1318,pendant,0.24905409223007932
519,design,0.247567854614551
894,hole,0.247567854614551
1651,smell,0.2455381880127449
459,cross,0.2455381880127449
1644,slipping,0.24393214759731713
264,bullying,0.24393214759731713
190,bench,0.24393214759731713
866,headfirst,0.24393214759731713
660,existed,0.24393214759731713
1835,till,0.24393214759731713
1507,reserve,0.2438855996670775
1000,jump,0.2438855996670775
415,confused,0.2438855996670775
803,glenfield,0.2438855996670775
1846,tomato,0.2415322351036217
309,catered,0.2415322351036217
308,cater,0.2415322351036217
525,detail,0.24108461862486855
1360,plausible,0.24108461862486855
213,blocked,0.24108461862486855
470,customer,0.2407202443374357
379,collection,0.2407202443374357
227,booth,0.2407202443374357
1127,mark,0.2341193495774258
1681,spencer,0.2341193495774258
1748,suffer,0.23288454787924992
1715,stepped,0.23288454787924992
1720,stink,0.23150223332438682
38,a38,0.23150223332438682
659,exeter,0.23150223332438682
926,ikea,0.23150223332438682
195,betting,0.23150223332438682
693,fast,0.23150223332438682
1066,link,0.23150223332438682
769,frustrating,0.23015181291283587
159,banging,0.22673227963552178
957,instinctively,0.22673227963552178
43,accelerator,0.22673227963552178
18,32,0.2266110503530638
996,journey,0.22519290775317208
1481,recording,0.22348211968016943
1414,prompting,0.22348211968016943
1341,phrase,0.22232939546545968
1615,showered,0.22232939546545968
720,fitted,0.22232939546545968
1887,uncomfortable,0.22133364854583332
670,expression,0.22133364854583332
665,experience,0.22133364854583332
112,apparatus,0.22100988268394484
1861,trapped,0.22100988268394484
1544,rug,0.22100988268394484
1605,shining,0.22100988268394484
1516,retellings,0.2207892049379397
1855,toy,0.2207892049379397
219,bobbing,0.2207892049379397
109,antique,0.2207892049379397
640,entertainment,0.2207892049379397
1691,spring,0.2207892049379397
1265,ordinarily,0.21953110763884146
876,held,0.21953110763884146
243,breath,0.21953110763884146
1866,treatment,0.21953110763884146
1477,reckon,0.21887358725339062
560,do,0.21887358725339062
224,booklet,0.21887358725339062
1928,waht,0.21887358725339062
444,courtroom,0.21828551992901507
184,beginning,0.21828551992901507
1929,wait,0.2140647881794964
52,account,0.2140647881794964
501,degree,0.2140647881794964
440,country,0.2140647881794964
1998,worldwide,0.21357481778186982
1110,magic,0.21357481778186982
1382,portal,0.21357481778186982
543,digitally,0.21357481778186982
1645,slop,0.2128761441779386
42,abuse,0.21253764725764526
538,differently,0.21253764725764526
20,35,0.2114872298037604
1475,receptionist,0.2114872298037604
1693,square,0.2114872298037604
1540,royal,0.21144314060590305
474,dance,0.21144314060590305
139,australia,0.21144314060590305
376,collapse,0.20962012213718434
898,hooe,0.20962012213718434
1212,nerve,0.20962012213718434
1917,vertebraes,0.20962012213718434
1749,suffered,0.20962012213718434
1286,painkiller,0.20962012213718434
1685,spine,0.20962012213718434
263,bulge,0.20962012213718434
463,crumble,0.20962012213718434
1353,pinch,0.20962012213718434
1821,thankful,0.20846601077352694
1660,sociable,0.20846601077352694
658,exercising,0.20846601077352694
1046,lecture,0.20846601077352694
452,created,0.20846601077352694
1642,sliding,0.20836296129835513
1102,lowered,0.20836296129835513
1896,unit,0.20836296129835513
1664,socially,0.20836296129835513
951,infrastructure,0.20800115910317132
1575,scrapping,0.20800115910317132
621,electricity,0.20760926690688863
1555,saggy,0.20760926690688863
1293,pant,0.20760926690688863
410,concretely,0.20760926690688863
1980,wobbling,0.20569640129563455
1777,switching,0.20569640129563455
1425,puffer,0.20569640129563455
1328,performed,0.20292316725770237
2,11,0.20292316725770237
1818,tested,0.20292316725770237
1739,student,0.20292316725770237
484,daunting,0.20292316725770237
692,fashioned,0.20182865758975593
41,absorb,0.20182865758975593
812,government,0.20182865758975593
1264,ordering,0.20182865758975593
882,hide,0.2016521940844397
549,disappears,0.2016521940844397
1014,knew,0.20138220423633194
1363,pleasant,0.20138220423633194
1170,missile,0.20138220423633194
434,correct,0.20138220423633194
1227,north,0.20138220423633194
37,90,0.20138220423633194
435,correctly,0.20138220423633194
1740,study,0.20092424229273903
1708,statistically,0.20092424229273903
1734,stroke,0.20092424229273903
528,devon,0.1999467720751762
1097,lounge,0.1999467720751762
1702,staring,0.1999467720751762
903,horrendous,0.1999467720751762
1637,sized,0.1999467720751762
442,county,0.1999467720751762
1636,size,0.1999467720751762
25,52,0.1999467720751762
1402,previously,0.19994391188340233
267,burnt,0.19994391188340233
151,bacon,0.19994391188340233
908,hotpoint,0.19994391188340233
1281,packed,0.19994391188340233
297,carried,0.19994391188340233
977,iself,0.19994391188340233
971,invaluable,0.19994391188340233
311,caught,0.1991125888836377
1291,panic,0.1991125888836377
635,engage,0.1991125888836377
454,creature,0.1991125888836377
387,comic,0.1991125888836377
1371,police,0.1991125888836377
654,evil,0.1991125888836377
1924,vital,0.19780671933857652
378,collect,0.19780671933857652
432,copper,0.19780671933857652
229,borrowing,0.19767881890011343
523,desperate,0.19767881890011343
370,coach,0.19767881890011343
425,controlling,0.19767881890011343
448,cow,0.19767881890011343
1455,ran,0.19731431639399707
1592,serial,0.19731431639399707
1895,union,0.19731431639399707
1965,whirlpool,0.19731431639399707
1554,safety,0.19731431639399707
1769,suspect,0.19731431639399707
1068,lisa,0.19681784006948919
994,john,0.19681784006948919
1560,saturday,0.19681784006948919
108,answering,0.19681784006948919
137,aunt,0.19681784006948919
1881,tweaked,0.19681784006948919
1247,offered,0.19681784006948919
1768,surprised,0.19681784006948919
541,dig,0.19681784006948919
417,constantly,0.1957325388945029
106,answerable,0.194271273499019
1626,simpler,0.194271273499019
377,colleague,0.194271273499019
1745,successfully,0.194271273499019
12,22,0.194271273499019
1112,mail,0.194271273499019
324,changing,0.19277606528964297
1268,organise,0.19277606528964297
45,accepting,0.19277606528964297
810,goodness,0.1925000829945779
468,current,0.1925000829945779
101,andnot,0.1925000829945779
302,cashier,0.1925000829945779
335,checkout,0.1925000829945779
1815,terrifying,0.1925000829945779
1494,reminds,0.1925000829945779
725,flippant,0.1925000829945779
329,chatting,0.1925000829945779
493,debilitating,0.1925000829945779
1688,spoken,0.1925000829945779
800,glad,0.1919808401243663
1988,woodbridge,0.1919808401243663
315,celebrate,0.1919808401243663
801,glass,0.1902814977106245
140,autofocus,0.1902814977106245
1051,lens,0.1902814977106245
148,babysit,0.1902814977106245
1666,sofa,0.1889673243474877
713,finish,0.1889673243474877
122,asleep,0.1889673243474877
91,alarm,0.1889673243474877
1,100,0.18813725192904743
1159,millbrook,0.18813725192904743
1526,rise,0.18813725192904743
1452,raise,0.18813725192904743
1610,shoulder,0.18813725192904743
356,clean,0.18813725192904743
1857,transfer,0.18813725192904743
533,dialysis,0.18732208388257562
530,diabetes,0.18732208388257562
1215,neuropathy,0.18635384418089856
1991,wore,0.18635384418089856
1460,rarely,0.18635384418089856
935,impression,0.18635384418089856
192,bending,0.18635384418089856
1039,leaning,0.18635384418089856
1783,takeaway,0.18635384418089856
912,hub,0.18635384418089856
522,designing,0.1855239915606317
1787,talkative,0.1855239915606317
220,bodied,0.1855239915606317
458,criticism,0.1855239915606317
1374,pool,0.18517158392275285
1619,sick,0.18517158392275285
738,forced,0.18517158392275285
1080,loaf,0.1832320642835612
614,egg,0.1832320642835612
1405,prioritising,0.1832320642835612
404,compromising,0.1832320642835612
1986,woo,0.1832320642835612
1158,milk,0.1832320642835612
1561,save,0.1832320642835612
240,bread,0.1832320642835612
1495,remotely,0.1832320642835612
682,factor,0.18285452690571743
1252,ongoing,0.18285452690571743
247,brigade,0.18285452690571743
467,cure,0.18163195742459146
1505,reported,0.18163195742459146
1497,removed,0.18163195742459146
134,attacked,0.18071450908231115
33,81,0.18071450908231115
31,73,0.18071450908231115
1278,pa,0.18071450908231115
1038,lean,0.17800517980544842
1812,terrified,0.17800517980544842
1698,stairwell,0.17800517980544842
1617,shrunk,0.1767373514631909
566,domestic,0.1767373514631909
1061,lifestyle,0.1767373514631909
344,chore,0.1767373514631909
780,garbage,0.1767373514631909
639,enjoying,0.17034878695814568
570,doorstep,0.17034878695814568
918,hurt,0.17034878695814568
1271,outgoing,0.17034878695814568
1754,summer,0.16999396337084116
1772,swapping,0.16999396337084116
497,decker,0.16999396337084116
1238,obsessive,0.16810441249966912
1921,virus,0.16810441249966912
948,infection,0.16810441249966912
1440,quell,0.16810441249966912
986,jab,0.16810441249966912
643,entrance,0.16810441249966912
601,early,0.16810441249966912
1583,seating,0.16745854251073403
130,astro,0.16745854251073403
1820,tg,0.16745854251073403
648,eric,0.16745854251073403
1028,lap,0.16745854251073403
283,cap,0.16745854251073403
517,describes,0.16745854251073403
1274,overheat,0.16674186690696455
1190,mouse,0.16559951429113168
548,disappearing,0.16559951429113168
1306,path,0.16559951429113168
1711,steep,0.16559951429113168
118,army,0.16555034517144387
827,grew,0.16555034517144387
1770,sutherland,0.16555034517144387
1687,split,0.16555034517144387
748,forty,0.16555034517144387
1977,wire,0.1586410486832759
62,adapto,0.14786108821367988
1868,tribe,0.14757613223302427
1525,ripped,0.14757613223302427
594,dubious,0.14757613223302427
1721,stolen,0.14757613223302427
1459,rare,0.14757613223302427
14,25million,0.14757613223302427
1263,ordered,0.14757613223302427
1671,sorted,0.14741365199531642
414,confined,0.14741365199531642
1498,renew,0.14741365199531642
35,83,0.14741365199531642
34,82,0.14741365199531642
486,dayable,0.14636911612136724
787,geek,0.14636911612136724
965,interface,0.14636911612136724
1823,therie,0.14636911612136724
976,iphones,0.14636911612136724
439,counter,0.14257918659998126
828,grey,0.14257918659998126
128,assumed,0.14257918659998126
929,immediately,0.14257918659998126
1832,threatening,0.13661654606172885
64,address,0.13661654606172885
1524,ringo,0.13661654606172885
372,code,0.13661654606172885
1901,unwell,0.13661654606172885
1487,relative,0.13661654606172885
1205,nebuliser,0.13661654606172885
1908,urgently,0.13661654606172885
1479,recognised,0.13661654606172885
732,folk,0.13661654606172885
487,dead,0.13661654606172885
1952,website,0.13661654606172885
941,inclusion,0.13661654606172885
1910,username,0.13661654606172885
1436,qashqai,0.12770983126734683
1602,sharp,0.12770983126734683
609,edgy,0.12770983126734683
779,gap,0.12770983126734683
407,concentrate,0.12770983126734683
457,criticised,0.12770983126734683
840,habit,0.12770983126734683
1856,traffic,0.12770983126734683
1643,slightly,0.12770983126734683
1743,style,0.12770983126734683
310,caters,0.12770983126734683
1963,wheelies,0.12770983126734683
1224,nissan,0.12770983126734683
1840,tiny,0.12770983126734683
